insert into pessoas(id_pessoa, nome, data_nascimento, cpf) 
values(1, 'Gesiel Oliveira', TO_DATE('1950/05/03 00:00:00', 'yyyy/mm/dd hh24:mi:ss'), 88977975042);

insert into pessoas(id_pessoa, nome, data_nascimento, cpf) 
values(2, 'Alberto Youssef', TO_DATE('1967/10/06 00:00:00', 'yyyy/mm/dd hh24:mi:ss'), 99377197635);

insert into pessoas(id_pessoa, nome, data_nascimento, cpf) 
values(3, 'José Dirceu de Oliveira e Silva', TO_DATE('1946/03/16 00:00:00', 'yyyy/mm/dd hh24:mi:ss'), 38262641345);

insert into pessoas(id_pessoa, nome, data_nascimento, cpf) 
values(4, 'Nestor Cuñat Cerveró', TO_DATE('1951/08/15 00:00:00', 'yyyy/mm/dd hh24:mi:ss'), 42004642173);

insert into pessoas(id_pessoa, nome, data_nascimento, cpf) 
values(5, 'João Vaccari Neto', TO_DATE('1958/10/30 00:00:00', 'yyyy/mm/dd hh24:mi:ss'), 84765475875);

insert into pessoas(id_pessoa, nome, data_nascimento, cpf) 
values(6, 'Paulo Roberto Costa', TO_DATE('1954/04/15 00:00:00', 'yyyy/mm/dd hh24:mi:ss'), 25551555542);

insert into pessoas(id_pessoa, nome, data_nascimento, cpf) 
values(7, 'Marcelo Bahia Odebrecht', TO_DATE('1968/10/18 00:00:00', 'yyyy/mm/dd hh24:mi:ss'), 48734775811);

insert into pessoas(id_pessoa, nome, data_nascimento, cpf) 
values(8, 'Antonio Palocci Filho', TO_DATE('1960/10/04 00:00:00', 'yyyy/mm/dd hh24:mi:ss'), 42870136625);

insert into pessoas(id_pessoa, nome, data_nascimento, cpf) 
values(9, 'Eduardo Cosentino da Cunha', TO_DATE('1958/09/29 00:00:00', 'yyyy/mm/dd hh24:mi:ss'), 07124861357);

insert into pessoas(id_pessoa, nome, data_nascimento, cpf) 
values(10, 'Sérgio Cabral Filho', TO_DATE('1963/01/27 00:00:00', 'yyyy/mm/dd hh24:mi:ss'), 81255672404);

insert into pessoas(id_pessoa, nome, data_nascimento, cpf) 
values(11, 'Aécio Neves da Cunha', TO_DATE('1960/03/10 00:00:00', 'yyyy/mm/dd hh24:mi:ss'), 91137367792);

insert into pessoas(id_pessoa, nome, data_nascimento, cpf) 
values(12, 'Geddel Quadros Vieira Lima', TO_DATE('1959/03/18 00:00:00', 'yyyy/mm/dd hh24:mi:ss'), 11446968286);

insert into pessoas(id_pessoa, nome, data_nascimento, cpf) 
values(13, 'Luiz Inácio Lula da Silva', TO_DATE('1945/10/27 00:00:00', 'yyyy/mm/dd hh24:mi:ss'), 46382830470);

insert into pessoas(id_pessoa, nome, data_nascimento, cpf) 
values(14, 'Renato de Souza Duque', TO_DATE('1955/09/29 00:00:00', 'yyyy/mm/dd hh24:mi:ss'), 46764863083);

insert into pessoas(id_pessoa, nome, data_nascimento, cpf) 
values(15, 'Pedro da Silva Corrêa de Oliveira Andrade Neto', TO_DATE('1948/01/07 00:00:00', 'yyyy/mm/dd hh24:mi:ss'), 55970824852);

insert into pessoas(id_pessoa, nome, data_nascimento, cpf) 
values(16, 'Delcídio do Amaral Gómez', TO_DATE('1948/01/07 00:00:00', 'yyyy/mm/dd hh24:mi:ss'), 64603499671);


insert into paises(id_pais, pais)
values(1, 'Brasil');


insert into estados(id_estado, id_pais, estado)
values(1, 1, 'Acre');

insert into estados(id_estado, id_pais, estado)
values(2, 1, 'Alagoas');

insert into estados(id_estado, id_pais, estado)
values(3, 1, 'Amapá');

insert into estados(id_estado, id_pais, estado)
values(4, 1, 'Amazonas');

insert into estados(id_estado, id_pais, estado)
values(5, 1, 'Bahia');

insert into estados(id_estado, id_pais, estado)
values(6, 1, 'Ceará');

insert into estados(id_estado, id_pais, estado)
values(7, 1, 'Distrito Federal');

insert into estados(id_estado, id_pais, estado)
values(8, 1, 'Espírito Santo');

insert into estados(id_estado, id_pais, estado)
values(9, 1, 'Goiás');

insert into estados(id_estado, id_pais, estado)
values(10, 1, 'Maranhão');

insert into estados(id_estado, id_pais, estado)
values(11, 1, 'Mato Grosso');

insert into estados(id_estado, id_pais, estado)
values(12, 1, 'Mato Grosso do Sul');

insert into estados(id_estado, id_pais, estado)
values(13, 1, 'Minas Gerais');

insert into estados(id_estado, id_pais, estado)
values(14, 1, 'Pará');

insert into estados(id_estado, id_pais, estado)
values(15, 1, 'Paraíba');

insert into estados(id_estado, id_pais, estado)
values(16, 1, 'Paraná');

insert into estados(id_estado, id_pais, estado)
values(17, 1, 'Pernambuco');

insert into estados(id_estado, id_pais, estado)
values(18, 1, 'Piauí');

insert into estados(id_estado, id_pais, estado)
values(19, 1, 'Rio de Janeiro');

insert into estados(id_estado, id_pais, estado)
values(20, 1, 'Rio Grande do Norte');

insert into estados(id_estado, id_pais, estado)
values(21, 1, 'Rio Grande do Sul');

insert into estados(id_estado, id_pais, estado)
values(22, 1, 'Rondônia');

insert into estados(id_estado, id_pais, estado)
values(23, 1, 'Roraima');

insert into estados(id_estado, id_pais, estado)
values(24, 1, 'Santa Catarina');

insert into estados(id_estado, id_pais, estado)
values(25, 1, 'São Paulo');

insert into estados(id_estado, id_pais, estado)
values(26, 1, 'Sergipe');

insert into estados(id_estado, id_pais, estado)
values(27, 1, 'Tocantins');




insert into cidades(id_cidade, id_estado, cidade) 
values(1, 21, 'Porto Alegre');

insert into cidades(id_cidade, id_estado, cidade) 
values(2, 16, 'Londrina');

insert into cidades(id_cidade, id_estado, cidade) 
values(3, 13, 'Passa Quatro');

insert into cidades(id_cidade, id_estado, cidade) 
values(4, 19, 'Rio de Janeiro');

insert into cidades(id_cidade, id_estado, cidade) 
values(5, 25, 'São Paulo');

insert into cidades(id_cidade, id_estado, cidade) 
values(6, 5, 'Salvador');

insert into cidades(id_cidade, id_estado, cidade) 
values(7, 25, 'Ribeirão Preto');

insert into cidades(id_cidade, id_estado, cidade) 
values(8, 19, 'Cascadura');

insert into cidades(id_cidade, id_estado, cidade) 
values(9, 13, 'Belo Horizonte');

insert into cidades(id_cidade, id_estado, cidade) 
values(10, 17, 'Caetés');

insert into cidades(id_cidade, id_estado, cidade) 
values(11, 25, 'Cruzeiro');



insert into empresas(id_empresa, nome, descricao, cnpj) 
values(1, 'Odebrecht', 'A Organização Odebrecht é um conglomerado empresarial brasileiro de capital fechado que atua nos setores de Engenharia, Infraestrutura, Indústria, Energia, Transportes e Meio Ambiente.', 15101288000182);

insert into empresas(id_empresa, nome, descricao, cnpj) 
values(2, 'Grupo OAS', 'O Grupo OAS é um conglomerado brasileiro que atua em diversos países do mundo no ramo da engenharia civil.', 143105770004);

insert into empresas(id_empresa, nome, descricao, cnpj) 
values(3, 'Petrobras', 'Petróleo Brasileiro S.A. é uma empresa de capital aberto, opera atualmente em 25 países, no segmento de energia, prioritariamente nas áreas de exploração, produção, refino, comercialização e transporte de petróleo, gás natural e seus derivados.', 33000167000101);

insert into empresas(id_empresa, nome, descricao, cnpj) 
values(4, 'Eletrobras', 'A Eletrobras é uma empresa brasileira que atua como uma holding, dividida em geração, transmissão e distribuição, criada em 1962 para coordenar todas as empresas do setor elétrico.', 42540211100167);

insert into empresas(id_empresa, nome, descricao, cnpj) 
values(5, 'Grupo Camargo Corrêa', 'Grupo Camargo Corrêa é um conglomerado de capital fechado que atua nos setores de engenharia e construção, cimento, concessões de energia e de transporte e mobilidade urbana, indústria naval e offshore e incorporação imobiliária.', 61522512000102);

insert into empresas(id_empresa, nome, descricao, cnpj) 
values(6, 'Grupo Andrade Gutierrez', 'Andrade Gutierrez é uma multinacional brasileira que atua nos setores de engenharia, construção, telecomunicações e saneamento', 17262213000194);

insert into empresas(id_empresa, nome, descricao, cnpj) 
values(7, 'Queiroz Galvão', 'O Grupo Queiroz Galvão S.A. é um conglomerado industrial brasileiro que atua nos ramos de Óleo e Gás, Exploração e Produção, Siderurgia, Cimento, Engenharia Ambiental, Participações e Concessões, Desenvolvimento Imobiliário.', 33412792011103);

insert into empresas(id_empresa, nome, descricao, cnpj) 
values(8, 'Mendes Júnior', 'Mercado de construção pesada no Brasil e no exterior, desenvolvendo projetos nos segmentos de dutos, edificações, eletromecânica, energia, hidrelétricas, indústrias, infra-estrutura, manutenção industrial, petróleo e gás.', 17162082000173);


insert into partidos(id_partido, nome, sigla, numero_eleitoral) 
values(1, 'Partido dos Trabalhadores', 'PT', 13);

insert into partidos(id_partido, nome, sigla, numero_eleitoral) 
values(2, 'Partido do Movimento Democrático Brasileiro', 'PMDB', 15);

insert into partidos(id_partido, nome, sigla, numero_eleitoral) 
values(3, 'Partido da Social Democracia Brasileira', 'PSDB', 45);

insert into partidos(id_partido, nome, sigla, numero_eleitoral) 
values(4, 'Partido Progressista', 'PP', 11);

insert into codinomes(id_pessoa, codinome) 
values(1, 'QueHomem');

insert into codinomes(id_pessoa, codinome) 
values(2, 'Primo');

insert into codinomes(id_pessoa, codinome) 
values(3, 'Guerrilheiro');

insert into codinomes(id_pessoa, codinome) 
values(4, 'Zóio');

insert into codinomes(id_pessoa, codinome) 
values(5, 'Moch');

insert into codinomes(id_pessoa, codinome) 
values(6, 'PR');

insert into codinomes(id_pessoa, codinome) 
values(7, 'Pedreiro');

insert into codinomes(id_pessoa, codinome) 
values(8, 'Italiano');

insert into codinomes(id_pessoa, codinome) 
values(9, 'Garanguejo');

insert into codinomes(id_pessoa, codinome) 
values(10, 'Proximus');

insert into codinomes(id_pessoa, codinome) 
values(11, 'Mineirinho');

insert into codinomes(id_pessoa, codinome) 
values(12, 'Babel');

insert into codinomes(id_pessoa, codinome) 
values(13, 'Amigo');

insert into codinomes(id_pessoa, codinome) 
values(14, 'My Way');

insert into codinomes(id_pessoa, codinome) 
values(15, 'Maneta');

insert into codinomes(id_pessoa, codinome) 
values(16, 'Ferrari');


--José Dirceu de Oliveira e Silva--

--Deputado Estadual de São Paulo
insert into esferas(id_esfera, id_estado)
values(1, 25);

insert into mandatos_legislativos(
  id_mandato_legislativo,
  id_pessoa,
  id_partido,
  id_esfera,
  ocupacao,
  data_inicio,
  data_fim
)
values(
  1,
  3,
  1,
  1,
  'Deputado Estadual',
  TO_DATE('1987/02/01 00:00:00', 'yyyy/mm/dd hh24:mi:ss'),
  TO_DATE('1991/02/01 00:00:00', 'yyyy/mm/dd hh24:mi:ss')
);


--Deputado Federal por São Paulo
insert into esferas(id_esfera, id_estado, id_pais)
values(2, 25, 1);

insert into mandatos_legislativos(
  id_mandato_legislativo,
  id_pessoa,
  id_partido,
  id_esfera,
  ocupacao,
  data_inicio,
  data_fim
)
values(
  2,
  3,
  1,
  2,
  'Deputado Federal',
  TO_DATE('1991/02/01 00:00:00', 'yyyy/mm/dd hh24:mi:ss'),
  TO_DATE('1995/02/01 00:00:00', 'yyyy/mm/dd hh24:mi:ss')
);

insert into mandatos_legislativos(
  id_mandato_legislativo,
  id_pessoa,
  id_partido,
  id_esfera,
  ocupacao,
  data_inicio,
  data_fim
)
values(
  3,
  3,
  1,
  2,
  'Deputado Federal',
  TO_DATE('1999/02/01 00:00:00', 'yyyy/mm/dd hh24:mi:ss'),
  TO_DATE('2005/12/01 00:00:00', 'yyyy/mm/dd hh24:mi:ss')
);


--Ministro
insert into esferas(id_esfera, id_pais)
values(3, 1);

insert into mandatos_executivos(
  id_mandato_executivo,
  id_pessoa,
  id_partido,
  id_esfera,
  ocupacao,
  data_inicio,
  data_fim
)
values(
  1,
  3,
  1,
  3,
  'Ministro-chefe da Casa Civil',
  TO_DATE('2003/01/01 00:00:00', 'yyyy/mm/dd hh24:mi:ss'),
  TO_DATE('2005/06/21 00:00:00', 'yyyy/mm/dd hh24:mi:ss')
);



--Antonio Palocci Filho--

--Municipal Ribeirão Preto
insert into esferas(id_esfera, id_cidade)
values(4, 7);

insert into mandatos_legislativos(
  id_mandato_legislativo,
  id_pessoa,
  id_partido,
  id_esfera,
  ocupacao,
  data_inicio,
  data_fim
)
values(
  4,
  8,
  1,
  4,
  'Vereador',
  TO_DATE('1988/02/01 00:00:00', 'yyyy/mm/dd hh24:mi:ss'),
  TO_DATE('1989/03/31 00:00:00', 'yyyy/mm/dd hh24:mi:ss')
);


--Deputado Estadual de São Paulo
insert into mandatos_legislativos(
  id_mandato_legislativo,
  id_pessoa,
  id_partido,
  id_esfera,
  ocupacao,
  data_inicio,
  data_fim
)
values(
  5,
  8,
  1,
  1,
  'Deputado Estadual',
  TO_DATE('1990/02/01 00:00:00', 'yyyy/mm/dd hh24:mi:ss'),
  TO_DATE('1992/03/31 00:00:00', 'yyyy/mm/dd hh24:mi:ss')
);


--Prefeito Ribeirão Preto
insert into esferas(id_esfera, id_cidade)
values(5, 7);

insert into mandatos_executivos(
  id_mandato_executivo,
  id_pessoa,
  id_partido,
  id_esfera,
  ocupacao,
  data_inicio,
  data_fim
)
values(
  2,
  8,
  1,
  5,
  'Prefeito',
  TO_DATE('1993/01/01 00:00:00', 'yyyy/mm/dd hh24:mi:ss'),
  TO_DATE('1996/03/31 00:00:00', 'yyyy/mm/dd hh24:mi:ss')
);

insert into mandatos_executivos(
  id_mandato_executivo,
  id_pessoa,
  id_partido,
  id_esfera,
  ocupacao,
  data_inicio,
  data_fim
)
values(
  3,
  8,
  1,
  5,
  'Prefeito',
  TO_DATE('2001/01/01 00:00:00', 'yyyy/mm/dd hh24:mi:ss'),
  TO_DATE('2002/03/31 00:00:00', 'yyyy/mm/dd hh24:mi:ss')
);


insert into mandatos_executivos(
  id_mandato_executivo,
  id_pessoa,
  id_partido,
  id_esfera,
  ocupacao,
  data_inicio,
  data_fim
)
values(
  4,
  8,
  1,
  3,
  'Ministro da Fazenda',
  TO_DATE('2003/01/01 00:00:00', 'yyyy/mm/dd hh24:mi:ss'),
  TO_DATE('2006/03/27 00:00:00', 'yyyy/mm/dd hh24:mi:ss')
);


insert into mandatos_legislativos(
  id_mandato_legislativo,
  id_pessoa,
  id_partido,
  id_esfera,
  ocupacao,
  data_inicio,
  data_fim
)
values(
  6,
  8,
  1,
  2,
  'Deputado Federal',
  TO_DATE('1999/02/01 00:00:00', 'yyyy/mm/dd hh24:mi:ss'),
  TO_DATE('2001/03/31 00:00:00', 'yyyy/mm/dd hh24:mi:ss')
);

insert into mandatos_legislativos(
  id_mandato_legislativo,
  id_pessoa,
  id_partido,
  id_esfera,
  ocupacao,
  data_inicio,
  data_fim
)
values(
  7,
  8,
  1,
  2,
  'Deputado Federal',
  TO_DATE('2007/02/01 00:00:00', 'yyyy/mm/dd hh24:mi:ss'),
  TO_DATE('2011/01/01 00:00:00', 'yyyy/mm/dd hh24:mi:ss')
);

insert into mandatos_executivos(
  id_mandato_executivo,
  id_pessoa,
  id_partido,
  id_esfera,
  ocupacao,
  data_inicio,
  data_fim
)
values(
  5,
  8,
  1,
  3,
  'Ministro-chefe da Casa Civil',
  TO_DATE('2011/01/01 00:00:00', 'yyyy/mm/dd hh24:mi:ss'),
  TO_DATE('2011/06/07 00:00:00', 'yyyy/mm/dd hh24:mi:ss')
);


--Eduardo Cunha

--Deputado Federal pelo Rio de Janeiro
insert into esferas(id_esfera, id_estado, id_pais)
values(6, 19, 1);

insert into mandatos_legislativos(
  id_mandato_legislativo,
  id_pessoa,
  id_partido,
  id_esfera,
  ocupacao,
  data_inicio,
  data_fim
)
values(
  8,
  9,
  2,
  6,
  'Deputado Federal',
  TO_DATE('2003/02/01 00:00:00', 'yyyy/mm/dd hh24:mi:ss'),
  TO_DATE('2016/09/12 00:00:00', 'yyyy/mm/dd hh24:mi:ss')
);




--Sérgio Cabral Filho
--Deputado Estadual do Rio de Janeiro
insert into esferas(id_esfera, id_estado)
values(7, 19);

insert into mandatos_legislativos(
  id_mandato_legislativo,
  id_pessoa,
  id_partido,
  id_esfera,
  ocupacao,
  data_inicio,
  data_fim
)
values(
  9,
  9,
  2,
  7,
  'Deputado Estadual',
  TO_DATE('1991/02/01 00:00:00', 'yyyy/mm/dd hh24:mi:ss'),
  TO_DATE('2003/02/01 00:00:00', 'yyyy/mm/dd hh24:mi:ss')
);


--Senador Rio de Janeiro
insert into mandatos_legislativos(
  id_mandato_legislativo,
  id_pessoa,
  id_partido,
  id_esfera,
  ocupacao,
  data_inicio,
  data_fim
)
values(
  10,
  10,
  2,
  6,
  'Senador',
  TO_DATE('2003/02/01 00:00:00', 'yyyy/mm/dd hh24:mi:ss'),
  TO_DATE('2006/12/15 00:00:00', 'yyyy/mm/dd hh24:mi:ss')
);


--Governador do Rio de Janeiro
insert into mandatos_executivos(
  id_mandato_executivo,
  id_pessoa,
  id_partido,
  id_esfera,
  ocupacao,
  data_inicio,
  data_fim
)
values(
  6,
  10,
  2,
  7,
  'Governador',
  TO_DATE('2007/01/01 00:00:00', 'yyyy/mm/dd hh24:mi:ss'),
  TO_DATE('2014/04/03 00:00:00', 'yyyy/mm/dd hh24:mi:ss')
);




